archivo,origen_docx,dimensiones,bytes
figura_01_modelo_casos_uso.png,word/media/image1.png,1800x1200,83078
figura_02_modelo_entidad_relacion.png,word/media/image2.png,2200x1650,116174
figura_03_modelo_relacional.png,word/media/image3.png,2300x1750,126914
figura_04_mapa_sitio.png,word/media/image4.png,1700x1150,73980
logo_herramienta_01.png,word/media/image16.png,194x194,16848
logo_herramienta_02.png,word/media/image17.png,256x256,5924
logo_herramienta_03.png,word/media/image18.png,260x180,1737
logo_herramienta_04.png,word/media/image5.png,260x180,2762
logo_herramienta_05.png,word/media/image6.png,58x30,862
logo_herramienta_06.png,word/media/image19.png,300x75,6827
logo_herramienta_07.png,word/media/image8.png,176x119,3852
logo_herramienta_08.png,word/media/image9.png,32x32,983
logo_herramienta_09.png,word/media/image10.png,48x48,900
logo_herramienta_10.png,word/media/image11.png,260x180,8702
logo_comunicacion_01.png,word/media/image12.png,560x560,18794
logo_comunicacion_02.png,word/media/image13.png,290x356,113686
logo_comunicacion_03.png,word/media/image14.png,256x256,13504
logo_comunicacion_04.png,word/media/image15.png,150x138,10577
